timestamp,text
2024-01-01 08:30:00,Working on the new project proposal for Q1
2024-01-01 10:15:00,Code review done, found some issues in the authentication module
2024-01-01 11:00:00,Meeting with the team about sprint planning for next week
2024-01-01 13:30:00,Finished implementing the API endpoints, testing now
2024-01-01 15:45:00,Bug fix released in production, monitoring performance
2024-01-01 18:20:00,Had a great dinner with family tonight
2024-01-01 20:30:00,Feeling grateful for all the support I have
2024-01-02 09:00:00,Writing documentation for the new feature
2024-01-02 11:30:00,Debugging the deployment pipeline issues
2024-01-02 14:00:00,Client call went well, they loved the prototype
2024-01-02 16:30:00,Refactoring legacy code, very challenging but rewarding
2024-01-02 19:00:00,Watched a wonderful movie, very inspiring
2024-01-02 21:00:00,Read an amazing book about personal growth
2024-01-03 08:00:00,Preparing for the quarterly review meeting
2024-01-03 10:30:00,Feeling overwhelmed with too many tasks on my plate
2024-01-03 13:00:00,Stressed about the upcoming deadline for the project
2024-01-03 15:30:00,Can't seem to focus on anything today
2024-01-03 18:00:00,Everything is going wrong at once today
2024-01-03 20:30:00,Feeling anxious about the presentation tomorrow
2024-01-04 09:00:00,Just finished a major milestone in the project
2024-01-04 11:00:00,Received great feedback on my work today
2024-01-04 14:00:00,Solved a complex problem that was bugging me
2024-01-04 16:30:00,Learned something new and exciting today
2024-01-04 19:00:00,Spent quality time with friends this weekend
2024-01-04 21:00:00,Practicing meditation every morning now
2024-01-05 08:30:00,Started a new hobby, learning to play guitar
2024-01-05 10:00:00,Planning a trip to the mountains soon
2024-01-05 13:00:00,Cooked a new recipe today, turned out great
2024-01-05 15:30:00,Journaling about life goals and aspirations
2024-01-05 18:00:00,Just checking in with some thoughts
2024-01-05 20:30:00,Random idea that came to mind about work
2024-01-06 09:00:00,Not much happening today, slow Sunday
2024-01-06 12:00:00,Thinking about what to have for lunch
2024-01-06 14:30:00,Watching TV and relaxing this afternoon
2024-01-06 17:00:00,Browsing through social media for updates
2024-01-06 19:30:00,Just another regular day, nothing special
2024-01-07 08:00:00,Need to finish the presentation for Monday meeting
2024-01-07 10:30:00,Working on数据分析 report for the board
2024-01-07 13:00:00,Code refactoring in progress, improving performance
2024-01-07 15:30:00,Team standup went smoothly today
2024-01-07 18:00:00,Looking forward to the weekend plans
2024-01-08 09:00:00,Early morning coding session, very productive
2024-01-08 11:00:00,Testing new framework integration
2024-01-08 14:00:00,Fixed critical bug in payment processing
2024-01-08 16:30:00,Documentation update for API changes
2024-01-08 19:00:00,Dinner with colleagues, great conversations
2024-01-08 21:00:00,Planning next week's tasks and priorities
2024-01-09 08:30:00,Client presentation preparation underway
2024-01-09 10:00:00,Reviewing design mockups for new feature
2024-01-09 13:00:00,Code review feedback incorporated
2024-01-09 15:30:00,Deploying to staging environment
2024-01-09 18:00:00,Feeling tired after long day of meetings
2024-01-09 20:00:00,Relaxing with some video games
2024-01-10 09:00:00,Analyzing user feedback data for improvements
2024-01-10 11:30:00,Optimizing database queries for better performance
2024-01-10 14:00:00,Participating in team brainstorming session
2024-01-10 16:30:00,Writing unit tests for new functionality
2024-01-10 19:00:00,Short walk to clear my mind
2024-01-10 21:00:00,Thinking about career growth opportunities
2024-01-11 08:00:00,Morning standup with development team
2024-01-11 10:00:00,Implementing feature request from customer
2024-01-11 13:00:00,Debugging authentication flow issues
2024-01-11 15:30:00,Updating dependencies to latest versions
2024-01-11 18:00:00,Coffee break with team members
2024-01-11 20:00:00,Reviewing personal goals for the month
2024-01-12 09:00:00,Sprint planning session for next iteration
2024-01-12 11:00:00,Task estimation and prioritization
2024-01-12 14:00:00,Pair programming session with colleague
2024-01-12 16:30:00,Technical debt cleanup in progress
2024-01-12 19:00:00,Quick workout session at the gym
2024-01-12 21:00:00,Reading about new technology trends
